File;Result;Init Time;Solve Time;Propagations;Decisions
594.cnf;SAT;0.00016700000000000048;0.00032400000000000484;90;17
580.cnf;SAT;0.00015799999999999148;0.00033900000000000596;100;11
219.cnf;SAT;0.00013699999999999823;0.0003010000000000096;91;12
231.cnf;SAT;0.00013699999999999823;0.00010000000000000286;23;4
557.cnf;SAT;0.0001340000000000091;0.00011300000000000199;27;6
543.cnf;SAT;0.0002500000000000002;0.0002319999999999961;72;9
225.cnf;SAT;0.00013499999999999623;0.00027500000000001135;84;15
972.cnf;SAT;0.00012999999999999123;0.00022400000000000198;59;11
966.cnf;SAT;0.00014700000000000824;0.0003999999999999976;132;17
796.cnf;SAT;0.00011700000000000599;0.0004769999999999913;165;19
782.cnf;SAT;0.00013900000000000023;0.00021299999999999097;65;12
769.cnf;SAT;0.00013599999999999723;0.0004619999999999902;145;13
755.cnf;SAT;0.00023899999999998922;0.00010400000000000686;24;6
999.cnf;SAT;0.00017000000000000348;8.500000000000174e-05;12;8
741.cnf;SAT;0.0001250000000000001;0.00017100000000000448;45;10
806.cnf;SAT;0.00012099999999999611;0.00014600000000000724;32;10
46.cnf;SAT;0.00011800000000000699;8.299999999999974e-05;17;9
0.cnf;SAT;0.00013799999999999923;0.00026199999999999835;75;11
812.cnf;SAT;0.00016099999999999448;8.800000000000474e-05;20;7
52.cnf;SAT;0.00026299999999999935;8.900000000000574e-05;19;8
184.cnf;SAT;0.00013799999999999923;0.00015400000000000136;39;6
190.cnf;SAT;0.0001320000000000071;0.0004799999999999943;158;20
85.cnf;SAT;0.0001290000000000041;0.00016800000000000148;43;7
91.cnf;SAT;0.00012100000000000999;0.0001250000000000001;32;9
609.cnf;SAT;0.00011799999999999311;0.00017100000000000448;43;12
621.cnf;SAT;0.00013900000000000023;0.0001239999999999991;26;4
147.cnf;SAT;0.00027699999999999947;7.400000000000462e-05;17;3
153.cnf;SAT;0.00011700000000000599;0.00010499999999999399;28;6
635.cnf;SAT;0.00011499999999999011;0.00039400000000000546;134;14
386.cnf;SAT;0.00012199999999999711;0.00020699999999999885;54;15
392.cnf;SAT;0.0001229999999999981;0.00015999999999999348;47;7
379.cnf;SAT;0.00012899999999999023;0.00039500000000000646;124;16
345.cnf;SAT;0.0001360000000000111;7.699999999999374e-05;17;3
423.cnf;SAT;0.00026700000000000335;0.00019700000000000273;62;8
437.cnf;SAT;0.00013799999999999923;7.999999999999674e-05;14;6
351.cnf;SAT;0.00013799999999999923;0.00027200000000000835;81;11
436.cnf;SAT;0.00012199999999999711;0.00023200000000000998;65;9
350.cnf;SAT;0.00011099999999999999;0.00043600000000000583;139;20
344.cnf;SAT;0.00011799999999999311;0.0002479999999999982;69;7
422.cnf;SAT;0.0001260000000000011;0.00031699999999999784;96;17
378.cnf;SAT;0.00026900000000000535;0.00014100000000000223;36;7
393.cnf;SAT;0.00014100000000000223;0.00028100000000000347;76;8
387.cnf;SAT;0.00013799999999999923;0.0003959999999999936;132;16
152.cnf;SAT;0.0001260000000000011;9.099999999999386e-05;21;7
634.cnf;SAT;0.00012199999999999711;0.00015800000000000536;41;12
620.cnf;SAT;0.0001320000000000071;7.599999999999274e-05;17;3
146.cnf;SAT;0.00012200000000001099;0.00029000000000001247;93;11
608.cnf;SAT;0.00026999999999999247;0.0001810000000000006;48;7
90.cnf;SAT;0.00013399999999999523;0.0006720000000000059;255;33
84.cnf;SAT;0.0001250000000000001;0.00014499999999999236;35;6
191.cnf;SAT;0.00013199999999999323;0.00026400000000000035;88;12
185.cnf;SAT;0.0001229999999999981;7.700000000000762e-05;12;8
1.cnf;SAT;0.0001300000000000051;0.00010299999999999199;24;5
53.cnf;SAT;0.0001260000000000011;0.0003599999999999992;130;14
813.cnf;SAT;0.00026400000000000035;0.00021600000000000785;70;10
47.cnf;SAT;0.0001239999999999991;7.700000000000762e-05;16;4
807.cnf;SAT;0.00013299999999999423;0.0003640000000000032;126;13
740.cnf;SAT;0.00013699999999999823;0.0004870000000000013;152;15
998.cnf;SAT;0.00011400000000000299;0.00032499999999999196;99;15
754.cnf;SAT;0.0001330000000000081;0.00020799999999999985;52;10
768.cnf;SAT;0.0001229999999999981;0.00017300000000000648;54;11
783.cnf;SAT;0.00028300000000000547;0.00016099999999999448;46;7
797.cnf;SAT;0.0001330000000000081;0.00011699999999999211;30;4
967.cnf;SAT;0.00016299999999999648;0.00027599999999999847;78;12
973.cnf;SAT;0.00014400000000000523;0.0003539999999999932;123;17
542.cnf;SAT;0.00015400000000000136;0.0002400000000000041;64;8
224.cnf;SAT;0.00014199999999998936;7.800000000000862e-05;15;5
230.cnf;SAT;0.00015400000000000136;0.00010499999999999399;21;8
556.cnf;SAT;0.0002560000000000062;0.00014399999999999136;37;9
218.cnf;SAT;0.0001239999999999991;0.00011999999999999511;29;6
581.cnf;SAT;0.00013399999999999523;0.00033299999999999996;107;11
595.cnf;SAT;0.00012000000000000899;0.00011699999999999211;31;7
583.cnf;SAT;0.00013099999999999223;0.0002459999999999962;79;11
597.cnf;SAT;0.0001250000000000001;0.00010699999999999599;24;6
568.cnf;SAT;0.00011700000000000599;8.600000000000274e-05;24;4
226.cnf;SAT;0.0002370000000000011;0.00037900000000000433;124;16
540.cnf;SAT;0.00011500000000000399;7.599999999999274e-05;15;5
554.cnf;SAT;0.00011999999999999511;0.00021899999999999697;56;8
232.cnf;SAT;0.00010900000000001187;7.100000000000162e-05;16;4
965.cnf;SAT;0.00011499999999999011;0.00014800000000000924;40;10
971.cnf;SAT;0.00012199999999999711;0.0003049999999999997;103;12
781.cnf;SAT;0.00013299999999999423;0.0001260000000000011;31;7
959.cnf;SAT;0.0002560000000000062;0.00011699999999999211;33;6
795.cnf;SAT;0.00011599999999999111;0.0001290000000000041;32;8
742.cnf;SAT;0.0001290000000000041;7.599999999999274e-05;13;7
756.cnf;SAT;0.00011399999999998911;0.0001320000000000071;40;7
811.cnf;SAT;0.00011800000000000699;0.0002370000000000011;70;10
51.cnf;SAT;0.0001250000000000001;0.00015600000000000336;35;9
3.cnf;SAT;0.00011900000000000799;0.0002979999999999927;98;14
805.cnf;SAT;0.0002550000000000052;0.0004089999999999927;131;19
45.cnf;SAT;0.00013699999999999823;0.00015400000000000136;40;11
193.cnf;SAT;0.0001229999999999981;0.00010999999999999899;20;8
187.cnf;SAT;0.00011400000000000299;0.0001669999999999866;51;9
839.cnf;SAT;0.00011099999999999999;0.00025599999999999234;77;11
79.cnf;SAT;0.00013299999999999423;0.00015999999999999348;37;10
92.cnf;SAT;0.00013099999999999223;0.0004170000000000007;143;21
178.cnf;SAT;0.00027199999999999447;0.00021400000000000585;55;11
86.cnf;SAT;0.00011500000000000399;0.00043500000000000483;137;17
636.cnf;SAT;0.0001300000000000051;0.00027000000000000635;91;13
150.cnf;SAT;0.00010999999999999899;0.00038400000000000933;122;17
144.cnf;SAT;0.00012199999999999711;0.0005190000000000056;160;17
622.cnf;SAT;0.00011200000000000099;0.00010400000000000686;26;7
391.cnf;SAT;0.0001270000000000021;0.00025999999999999635;73;14
385.cnf;SAT;0.00024999999999998634;0.00010900000000001187;26;9
408.cnf;SAT;0.00011300000000000199;0.0008039999999999992;280;30
352.cnf;SAT;0.0001229999999999981;0.00027300000000000935;71;12
434.cnf;SAT;0.00011600000000000499;0.0004259999999999958;143;16
420.cnf;SAT;0.00011200000000000099;0.0002489999999999992;83;11
346.cnf;SAT;0.00011099999999999999;0.0003470000000000001;98;14
421.cnf;SAT;0.0001239999999999991;0.0002329999999999971;62;12
347.cnf;SAT;0.0002360000000000001;0.0001930000000000126;49;11
353.cnf;SAT;0.00011400000000000299;8.400000000000074e-05;16;8
435.cnf;SAT;0.00010899999999999799;0.00027599999999999847;93;10
409.cnf;SAT;0.00010899999999999799;8.199999999999874e-05;13;7
384.cnf;SAT;0.00011600000000000499;0.0004269999999999968;141;21
390.cnf;SAT;0.00011399999999998911;8.500000000000174e-05;18;6
145.cnf;SAT;0.00011099999999999999;0.00016299999999999648;49;12
623.cnf;SAT;0.0002430000000000071;0.00022300000000000098;62;15
637.cnf;SAT;0.00011200000000000099;0.00020699999999999885;67;8
151.cnf;SAT;0.00010900000000001187;0.00020900000000000085;57;12
179.cnf;SAT;0.00010899999999999799;8.199999999999874e-05;14;9
87.cnf;SAT;0.00011399999999998911;0.00032700000000000784;109;11
93.cnf;SAT;0.00011099999999999999;0.0003039999999999987;97;12
186.cnf;SAT;0.00011400000000000299;0.00014299999999999036;40;6
78.cnf;SAT;0.0002459999999999962;0.00026500000000000135;76;13
838.cnf;SAT;0.00011400000000000299;7.699999999999374e-05;14;6
192.cnf;SAT;0.00013499999999999623;0.00014700000000000824;36;7
44.cnf;SAT;0.00013399999999999523;0.0002319999999999961;67;8
804.cnf;SAT;0.00011099999999999999;8.500000000000174e-05;20;7
50.cnf;SAT;0.00012099999999999611;0.00011200000000000099;25;8
810.cnf;SAT;0.00012100000000000999;0.0004219999999999918;144;22
2.cnf;SAT;0.0002339999999999981;0.0005939999999999973;210;26
757.cnf;SAT;0.00011900000000000799;0.00026099999999999735;85;13
743.cnf;SAT;0.0001239999999999991;0.00031299999999999384;92;12
794.cnf;SAT;0.00011099999999999999;9.200000000000874e-05;22;8
958.cnf;SAT;0.00010899999999999799;0.00015400000000000136;37;9
780.cnf;SAT;0.00011099999999999999;9.800000000000086e-05;19;8
970.cnf;SAT;0.00013900000000000023;0.00018999999999999573;50;9
964.cnf;SAT;0.00024099999999999122;0.0003040000000000126;97;14
555.cnf;SAT;0.0001270000000000021;0.0003379999999999911;91;13
233.cnf;SAT;0.00012899999999999023;0.00016500000000001236;50;7
227.cnf;SAT;0.0001239999999999991;0.0002319999999999961;71;10
541.cnf;SAT;0.00012099999999999611;0.0005310000000000037;178;17
569.cnf;SAT;0.00011200000000000099;0.00013499999999999623;35;7
596.cnf;SAT;0.00014099999999998836;0.00020600000000001173;66;9
582.cnf;SAT;0.00024399999999999422;0.00043900000000000883;141;18
586.cnf;SAT;0.00012199999999999711;0.0005510000000000098;185;22
592.cnf;SAT;0.00011300000000000199;0.00022099999999999898;79;10
545.cnf;SAT;0.00011099999999999999;0.0002540000000000042;72;9
223.cnf;SAT;0.00012099999999999611;0.00013799999999999923;39;7
237.cnf;SAT;0.00011300000000000199;9.600000000001274e-05;24;5
551.cnf;SAT;0.00011700000000000599;0.00017600000000000948;49;7
579.cnf;SAT;0.0002550000000000052;0.00016900000000000248;43;8
784.cnf;SAT;0.00011500000000000399;7.899999999999574e-05;15;9
790.cnf;SAT;0.00010999999999999899;0.00012499999999998623;37;7
948.cnf;SAT;0.00012199999999998323;8.600000000000274e-05;16;4
960.cnf;SAT;0.00011800000000000699;0.00013599999999999723;31;9
974.cnf;SAT;0.00011300000000000199;0.0002600000000000102;82;11
747.cnf;SAT;0.00012199999999998323;0.00014500000000000624;38;7
753.cnf;SAT;0.0002469999999999972;0.0003959999999999797;121;15
196.cnf;SAT;0.00011400000000000299;0.00012899999999999023;35;9
828.cnf;SAT;0.000126000000000015;8.299999999999974e-05;13;7
68.cnf;SAT;0.00010999999999999899;0.0003180000000000127;103;12
182.cnf;SAT;0.00010999999999999899;0.00026399999999998647;79;12
6.cnf;SAT;0.00012199999999998323;0.00035600000000002296;116;13
814.cnf;SAT;0.00011500000000000399;0.00017900000000001248;52;7
54.cnf;SAT;0.0002459999999999962;0.00010999999999999899;24;8
800.cnf;SAT;0.00011099999999999999;6.70000000000115e-05;16;4
40.cnf;SAT;0.00011700000000000599;0.00013199999999999323;32;10
155.cnf;SAT;0.00011500000000000399;8.900000000000574e-05;17;6
633.cnf;SAT;0.00011899999999998023;0.0003750000000000142;130;19
627.cnf;SAT;0.00012000000000000899;0.00020000000000000573;60;11
141.cnf;SAT;0.00012499999999998623;0.00038900000000000046;121;14
169.cnf;SAT;0.00023599999999998622;0.00022900000000000698;61;12
97.cnf;SAT;0.00012199999999998323;0.0003130000000000077;98;14
83.cnf;SAT;0.00010999999999999899;0.0003439999999999832;116;12
394.cnf;SAT;0.00011900000000000799;0.00011699999999997823;27;6
380.cnf;SAT;0.00012100000000000999;0.00014100000000000223;45;7
431.cnf;SAT;0.00012100000000000999;0.00013900000000000023;31;10
357.cnf;SAT;0.00011700000000000599;0.00048199999999998244;158;19
343.cnf;SAT;0.00026099999999998347;0.00028600000000000847;80;13
425.cnf;SAT;0.00013499999999999623;0.00037499999999998646;114;12
419.cnf;SAT;0.00014600000000000724;0.00038900000000000046;108;16
418.cnf;SAT;0.00013499999999999623;0.00028300000000000547;84;8
342.cnf;SAT;0.00013299999999999423;0.00021599999999999397;62;12
424.cnf;SAT;0.00012999999999999123;0.00018899999999999473;51;12
430.cnf;SAT;0.00012899999999999023;0.0003029999999999977;82;13
356.cnf;SAT;0.0002570000000000072;0.00019199999999999773;61;8
381.cnf;SAT;0.00011900000000000799;7.10000000000155e-05;13;7
395.cnf;SAT;0.00012000000000000899;0.0003479999999999872;108;12
82.cnf;SAT;0.00011300000000000199;0.00028000000000000247;93;14
168.cnf;SAT;0.00011499999999997623;8.099999999999774e-05;15;8
96.cnf;SAT;0.00011400000000000299;0.00033299999999999996;110;10
626.cnf;SAT;0.00011700000000000599;0.00013900000000000023;36;12
140.cnf;SAT;0.0002530000000000032;0.0004989999999999994;162;15
154.cnf;SAT;0.00011699999999997823;0.0002700000000000202;93;14
632.cnf;SAT;0.00011600000000000499;0.00015100000000001224;42;5
41.cnf;SAT;0.00011600000000000499;0.0006299999999999917;222;25
801.cnf;SAT;0.00011500000000000399;7.199999999998874e-05;14;6
7.cnf;SAT;0.00011400000000000299;0.00017999999999998573;52;11
55.cnf;SAT;0.00011700000000000599;0.00017999999999998573;63;10
815.cnf;SAT;0.0002479999999999982;0.00015100000000001224;40;8
183.cnf;SAT;0.000128000000000017;0.00028300000000000547;95;10
197.cnf;SAT;0.00011200000000000099;0.00020500000000001073;63;10
69.cnf;SAT;0.00012399999999998523;0.00016399999999999748;48;7
829.cnf;SAT;0.00011300000000000199;0.00017500000000000848;44;8
752.cnf;SAT;0.00011400000000000299;8.299999999999974e-05;17;9
746.cnf;SAT;0.00011700000000000599;0.0004509999999999792;142;18
975.cnf;SAT;0.0002520000000000022;0.00017800000000001148;50;13
961.cnf;SAT;0.000125000000000014;0.0002959999999999907;101;12
949.cnf;SAT;0.00011400000000000299;0.0003070000000000017;99;17
791.cnf;SAT;0.00011200000000000099;0.00013900000000000023;36;7
785.cnf;SAT;0.00011200000000000099;0.00028100000000000347;85;13
578.cnf;SAT;0.00011200000000000099;0.00019299999999999873;45;12
236.cnf;SAT;0.000123000000000012;0.00014999999999998348;35;12
550.cnf;SAT;0.0002560000000000062;0.00026899999999999147;88;11
544.cnf;SAT;0.00011400000000000299;6.999999999998674e-05;15;5
222.cnf;SAT;0.00011300000000000199;0.00018099999999998673;57;8
593.cnf;SAT;0.00010999999999999899;0.0003579999999999972;111;19
587.cnf;SAT;0.00011099999999999999;0.00018699999999999273;51;10
591.cnf;SAT;0.00011200000000000099;0.00036399999999997545;119;13
585.cnf;SAT;0.00011600000000000499;0.0002489999999999992;74;9
552.cnf;SAT;0.00024199999999999222;0.00019199999999999773;58;8
234.cnf;SAT;0.00012599999999998723;9.800000000001474e-05;27;5
220.cnf;SAT;0.00012200000000001099;0.00027299999999999547;79;16
546.cnf;SAT;0.00012099999999998223;0.00029800000000002047;86;11
208.cnf;SAT;0.00011500000000000399;0.00010399999999999299;26;4
793.cnf;SAT;0.00011400000000000299;0.00014000000000000123;35;5
787.cnf;SAT;0.00012699999999998823;0.00039800000000000946;131;14
977.cnf;SAT;0.0002479999999999982;0.00026599999999998847;82;9
963.cnf;SAT;0.00012899999999999023;0.0004220000000000057;121;18
988.cnf;SAT;0.000123000000000012;0.00024099999999999122;66;12
750.cnf;SAT;0.00011200000000000099;0.00023400000000001198;80;14
744.cnf;SAT;0.00012000000000000899;0.0002560000000000062;80;11
778.cnf;SAT;0.000127000000000016;0.0005860000000000032;190;26
181.cnf;SAT;0.00013599999999999723;0.00034800000000001496;101;12
195.cnf;SAT;0.00027099999999999347;0.00010799999999999699;25;10
803.cnf;SAT;0.00013599999999999723;0.0004619999999999902;154;19
43.cnf;SAT;0.00013399999999999523;0.00010599999999999499;23;8
817.cnf;SAT;0.00012299999999998423;0.0005020000000000024;169;16
57.cnf;SAT;0.00011200000000000099;0.00034100000000000796;97;12
5.cnf;SAT;0.000123000000000012;0.0003640000000000032;108;14
142.cnf;SAT;0.00011400000000000299;9.600000000001274e-05;22;7
624.cnf;SAT;0.0002500000000000002;0.00010999999999999899;27;7
630.cnf;SAT;0.00012100000000000999;0.00013900000000000023;31;9
156.cnf;SAT;0.00012299999999998423;0.00045200000000000795;157;21
618.cnf;SAT;0.00011200000000000099;0.00013599999999999723;37;9
80.cnf;SAT;0.000123000000000012;0.00015000000000001124;35;7
94.cnf;SAT;0.000123000000000012;0.00032199999999998896;103;12
383.cnf;SAT;0.00011700000000000599;0.00012799999999998923;34;6
397.cnf;SAT;0.00026399999999998647;0.00010299999999999199;20;7
426.cnf;SAT;0.000123000000000012;0.0004029999999999867;129;20
340.cnf;SAT;0.00012299999999998423;0.000133000000000022;30;11
354.cnf;SAT;0.00012200000000001099;0.00032799999999999496;95;17
432.cnf;SAT;0.00011200000000000099;0.00038099999999999246;142;18
368.cnf;SAT;0.00012099999999998223;0.00040400000000001546;118;14
369.cnf;SAT;0.00011600000000000499;0.00017000000000000348;50;9
355.cnf;SAT;0.00027199999999999447;0.00015100000000001224;42;4
433.cnf;SAT;0.00011500000000000399;0.00012799999999998923;33;7
427.cnf;SAT;0.00011800000000000699;0.00016700000000000048;40;9
341.cnf;SAT;0.00011700000000000599;0.0005370000000000097;171;21
396.cnf;SAT;0.00011300000000000199;0.00014700000000000824;48;8
382.cnf;SAT;0.00011600000000000499;0.00022099999999999898;63;10
95.cnf;SAT;0.000123000000000012;0.0004780000000000062;152;18
81.cnf;SAT;0.0002710000000000212;0.00021999999999999797;72;10
619.cnf;SAT;0.00011500000000000399;0.00010000000000001674;21;7
631.cnf;SAT;0.00011900000000000799;0.00014200000000000323;37;7
157.cnf;SAT;0.00011999999999998123;0.000124000000000013;35;4
143.cnf;SAT;0.000129000000000018;8.800000000000474e-05;18;4
625.cnf;SAT;0.00011500000000000399;0.00016800000000000148;47;7
56.cnf;SAT;0.00012999999999999123;0.00034200000000000896;100;18
816.cnf;SAT;0.0002520000000000022;0.00021100000000001673;69;10
4.cnf;SAT;0.00011600000000000499;0.00019099999999999673;56;9
42.cnf;SAT;0.00011600000000000499;0.00026299999999998547;82;14
802.cnf;SAT;0.00012699999999998823;0.00010500000000002174;19;9
194.cnf;SAT;0.000129000000000018;0.00023999999999999022;72;11
180.cnf;SAT;0.00012199999999998323;0.0003640000000000032;119;15
779.cnf;SAT;0.00013099999999999223;0.00017400000000000748;48;8
745.cnf;SAT;0.0002590000000000092;0.00028000000000000247;82;13
751.cnf;SAT;0.00012699999999998823;0.0003120000000000067;102;9
989.cnf;SAT;0.00011299999999997423;0.00017600000000000948;56;7
962.cnf;SAT;0.00011300000000000199;9.499999999998399e-05;21;8
976.cnf;SAT;0.000125000000000014;0.00034800000000001496;104;14
786.cnf;SAT;0.00011599999999997723;0.00027800000000000047;81;9
792.cnf;SAT;0.00013499999999999623;7.40000000000185e-05;15;5
209.cnf;SAT;0.0004669999999999952;0.00010100000000001774;22;6
221.cnf;SAT;0.000128000000000017;0.00019800000000000373;51;9
547.cnf;SAT;0.00011600000000000499;0.00015799999999999148;45;10
553.cnf;SAT;0.00013299999999999423;0.00028300000000000547;97;11
235.cnf;SAT;0.00012000000000000899;0.00011500000000000399;30;5
584.cnf;SAT;0.00011499999999997623;0.00011300000000000199;29;7
590.cnf;SAT;0.00011600000000000499;9.899999999998799e-05;21;5
291.cnf;SAT;0.00028600000000000847;9.899999999998799e-05;20;10
285.cnf;SAT;0.00013499999999999623;0.0002610000000000112;78;11
508.cnf;SAT;0.000124000000000013;0.00027099999999999347;68;13
534.cnf;SAT;0.00011400000000000299;0.00019899999999997697;63;11
252.cnf;SAT;0.00012100000000000999;0.0003529999999999922;114;14
246.cnf;SAT;0.00011799999999997923;0.0003620000000000012;120;13
520.cnf;SAT;0.00012000000000000899;0.00019099999999999673;56;12
911.cnf;SAT;0.0008379999999999777;0.00041400000000002546;137;18
905.cnf;SAT;0.00012000000000000899;9.899999999998799e-05;20;11
939.cnf;SAT;0.00011900000000000799;0.0004689999999999972;163;19
736.cnf;SAT;0.00011699999999997823;0.00018800000000002148;56;10
722.cnf;SAT;0.00013199999999999323;0.00019700000000000273;49;9
865.cnf;SAT;0.00012200000000001099;0.00016199999999999548;47;10
25.cnf;SAT;0.000132000000000021;0.00012199999999998323;26;7
871.cnf;SAT;0.00039400000000000546;0.0003489999999999882;103;11
31.cnf;SAT;0.00012599999999998723;0.0005980000000000152;185;23
859.cnf;SAT;0.000128000000000017;0.00018199999999998773;39;10
19.cnf;SAT;0.00014100000000000223;0.00023999999999999022;62;8
681.cnf;SAT;0.00013099999999999223;0.00023500000000001298;64;8
695.cnf;SAT;0.000130000000000019;7.699999999999374e-05;11;9
118.cnf;SAT;0.000123000000000012;0.0002459999999999962;77;11
124.cnf;SAT;0.00024399999999999422;0.00011800000000000699;35;6
642.cnf;SAT;0.00012499999999998623;0.00019800000000000373;61;10
656.cnf;SAT;0.00012799999999998923;0.00011400000000000299;27;6
130.cnf;SAT;0.00012399999999998523;9.000000000000674e-05;18;7
483.cnf;SAT;0.00013100000000002;0.0005349999999999799;154;21
497.cnf;SAT;0.000127000000000016;0.00016399999999999748;39;14
468.cnf;SAT;0.000126000000000015;8.500000000000174e-05;16;4
440.cnf;SAT;0.0002690000000000192;0.00011399999999997523;23;6
326.cnf;SAT;0.000126000000000015;0.00038099999999999246;112;13
332.cnf;SAT;0.00012499999999998623;0.00029400000000001647;90;12
454.cnf;SAT;0.00011300000000000199;0.00021399999999999197;63;8
333.cnf;SAT;0.00011600000000000499;0.00010099999999998999;21;8
455.cnf;SAT;0.00011400000000000299;0.00027900000000000147;82;8
441.cnf;SAT;0.00012199999999998323;0.00014000000000000123;36;5
327.cnf;SAT;0.00027499999999999747;8.199999999999874e-05;13;7
469.cnf;SAT;0.000124000000000013;0.00032799999999999496;93;13
496.cnf;SAT;0.00011999999999998123;0.00011400000000000299;28;10
482.cnf;SAT;0.00012399999999998523;0.0005070000000000074;185;19
657.cnf;SAT;0.00011500000000000399;9.299999999998199e-05;18;9
131.cnf;SAT;0.00012999999999999123;0.00028800000000001047;95;14
125.cnf;SAT;0.00012100000000000999;0.00027900000000000147;77;15
643.cnf;SAT;0.0002530000000000032;0.00026599999999998847;80;12
119.cnf;SAT;0.00011899999999998023;0.00028600000000000847;85;12
694.cnf;SAT;0.00012299999999998423;0.0002479999999999982;84;12
680.cnf;SAT;0.00011700000000000599;0.0004929999999999934;151;19
18.cnf;SAT;0.00013199999999999323;0.0002479999999999982;74;9
858.cnf;SAT;0.00013099999999999223;0.00012899999999999023;25;8
30.cnf;SAT;0.00012200000000001099;7.099999999998774e-05;14;6
870.cnf;SAT;0.00027900000000000147;0.0002510000000000012;72;12
24.cnf;SAT;0.00011900000000000799;0.00013599999999999723;33;8
864.cnf;SAT;0.00012699999999998823;0.00028000000000000247;71;13
723.cnf;SAT;0.00012599999999998723;0.00010100000000001774;26;5
737.cnf;SAT;0.000123000000000012;0.00023799999999998822;69;10
938.cnf;SAT;0.000126000000000015;0.00038099999999999246;125;12
904.cnf;SAT;0.00012999999999999123;0.00015099999999998448;38;6
910.cnf;SAT;0.00027299999999999547;0.00013900000000000023;34;6
247.cnf;SAT;0.00012699999999998823;0.000127000000000016;24;9
521.cnf;SAT;0.000125000000000014;0.0004200000000000037;128;20
535.cnf;SAT;0.00012599999999998723;0.00021699999999999497;61;10
253.cnf;SAT;0.00012599999999998723;0.0003690000000000082;122;13
509.cnf;SAT;0.00012799999999998923;0.0002500000000000002;70;7
284.cnf;SAT;0.00012899999999999023;0.00012899999999999023;32;4
290.cnf;SAT;0.00027499999999999747;0.00043899999999999495;142;16
286.cnf;SAT;0.000124000000000013;0.00022999999999998022;61;11
292.cnf;SAT;0.000124000000000013;0.00024399999999999422;68;12
279.cnf;SAT;0.00013100000000002;0.00020599999999998397;56;8
523.cnf;SAT;0.00013099999999999223;0.00011900000000000799;26;7
245.cnf;SAT;0.00012399999999998523;7.699999999999374e-05;13;7
251.cnf;SAT;0.00013199999999999323;0.000125000000000014;25;9
537.cnf;SAT;0.0002650000000000152;0.00018599999999999173;54;9
906.cnf;SAT;0.00012899999999999023;0.00023000000000000798;65;13
912.cnf;SAT;0.000126000000000015;0.00043199999999998795;142;18
709.cnf;SAT;0.00012699999999998823;7.90000000000235e-05;16;4
721.cnf;SAT;0.000129000000000018;0.00024099999999999122;64;8
735.cnf;SAT;0.00012999999999999123;0.00018099999999998673;46;14
872.cnf;SAT;0.00013099999999999223;0.00040000000000001146;124;16
32.cnf;SAT;0.0002909999999999857;0.00012100000000000999;29;8
866.cnf;SAT;0.00014300000000000423;0.000132000000000021;29;7
26.cnf;SAT;0.000127000000000016;7.599999999999274e-05;15;5
696.cnf;SAT;0.00012699999999998823;0.0003559999999999952;117;12
682.cnf;SAT;0.00014500000000000624;0.0003369999999999762;99;12
669.cnf;SAT;0.00013099999999999223;0.00015900000000002024;35;9
133.cnf;SAT;0.00013900000000000023;0.0004260000000000097;127;20
655.cnf;SAT;0.0003039999999999987;0.00011599999999997723;26;7
641.cnf;SAT;0.00015099999999998448;0.0005410000000000137;159;21
899.cnf;SAT;0.00014399999999997748;0.0005470000000000197;163;19
127.cnf;SAT;0.00014100000000000223;0.00010299999999999199;22;6
494.cnf;SAT;0.00013099999999999223;0.0003240000000000187;92;15
480.cnf;SAT;0.000129000000000018;7.799999999999474e-05;14;6
319.cnf;SAT;0.00013099999999999223;0.00020599999999998397;55;9
457.cnf;SAT;0.00027399999999999647;0.0007220000000000004;229;27
331.cnf;SAT;0.00012699999999998823;0.00040100000000001246;127;15
325.cnf;SAT;0.000128000000000017;8.899999999997799e-05;16;8
443.cnf;SAT;0.000126000000000015;9.999999999998899e-05;21;5
324.cnf;SAT;0.00012399999999998523;0.00014800000000000924;33;8
442.cnf;SAT;0.00013100000000002;0.00012999999999999123;32;9
456.cnf;SAT;0.00012999999999999123;0.00015400000000001524;40;7
330.cnf;SAT;0.00028900000000001147;0.0007039999999999824;213;24
318.cnf;SAT;0.00014500000000000624;0.0004669999999999952;132;22
481.cnf;SAT;0.00012699999999998823;8.099999999999774e-05;17;3
495.cnf;SAT;0.00014000000000000123;0.00032099999999998796;91;13
898.cnf;SAT;0.00014200000000000323;0.00037999999999999146;114;16
640.cnf;SAT;0.00013199999999999323;7.899999999999574e-05;15;5
126.cnf;SAT;0.00013499999999999623;0.0002580000000000082;69;12
132.cnf;SAT;0.0002720000000000222;0.00012999999999999123;32;8
654.cnf;SAT;0.00012699999999998823;0.0004280000000000117;120;16
668.cnf;SAT;0.000124000000000013;7.799999999999474e-05;18;2
683.cnf;SAT;0.00013299999999999423;0.00016700000000000048;36;11
697.cnf;SAT;0.000125000000000014;0.00011800000000000699;29;7
27.cnf;SAT;0.000125000000000014;7.699999999999374e-05;15;5
867.cnf;SAT;0.00013099999999999223;0.00020999999999998797;51;12
33.cnf;SAT;0.00028000000000000247;0.0003589999999999982;98;16
873.cnf;SAT;0.00012599999999998723;0.00045300000000000895;128;17
734.cnf;SAT;0.00012399999999998523;0.00033099999999999796;98;8
720.cnf;SAT;0.00014200000000000323;0.0004959999999999964;148;22
708.cnf;SAT;0.000133000000000022;0.0004659999999999942;141;16
913.cnf;SAT;0.00012499999999998623;0.00014900000000001024;37;11
907.cnf;SAT;0.00013199999999999323;0.0003280000000000227;90;11
250.cnf;SAT;0.00028100000000000347;0.00015999999999999348;29;10
536.cnf;SAT;0.00012799999999998923;0.00039500000000000646;119;15
522.cnf;SAT;0.00012599999999998723;0.00044199999999999795;132;16
244.cnf;SAT;0.00012799999999998923;0.00019800000000000373;49;11
278.cnf;SAT;0.00012699999999998823;0.00014000000000000123;31;6
293.cnf;SAT;0.00015399999999998748;0.00010900000000002574;20;8
287.cnf;SAT;0.00015799999999999148;0.0006329999999999947;190;21
283.cnf;SAT;0.00040900000000002046;0.00013399999999999523;30;6
297.cnf;SAT;0.00014800000000000924;0.00022500000000000298;57;15
240.cnf;SAT;0.00014300000000000423;0.00028600000000000847;67;15
526.cnf;SAT;0.00017100000000000448;0.00020000000000000573;52;8
532.cnf;SAT;0.00015600000000001724;9.199999999998099e-05;19;7
254.cnf;SAT;0.00013399999999999523;0.0002510000000000012;74;11
268.cnf;SAT;0.00014299999999997648;0.00017400000000000748;41;9
903.cnf;SAT;0.00033099999999999796;0.00027699999999999947;79;11
917.cnf;SAT;0.00014700000000000824;0.00041200000000002346;129;14
724.cnf;SAT;0.00013900000000000023;0.00024099999999999122;58;11
730.cnf;SAT;0.00027499999999999747;0.0003140000000000087;74;19
718.cnf;SAT;0.00014100000000000223;0.00038199999999999346;104;10
693.cnf;SAT;0.00018400000000001748;0.00010900000000002574;17;7
687.cnf;SAT;0.00016099999999999448;8.600000000000274e-05;15;5
877.cnf;SAT;0.0003240000000000187;0.0003409999999999802;100;17
37.cnf;SAT;0.00013699999999999823;0.00011300000000000199;19;9
863.cnf;SAT;0.00014600000000000724;0.00020200000000000773;47;9
23.cnf;SAT;0.00016300000000002424;0.00031699999999998396;90;9
650.cnf;SAT;0.00016299999999999648;0.0004360000000000197;126;13
888.cnf;SAT;0.00013699999999999823;0.000130000000000019;23;10
136.cnf;SAT;0.00014300000000000423;0.00039700000000000846;115;16
122.cnf;SAT;0.0003200000000000147;0.00014300000000000423;29;10
644.cnf;SAT;0.00015899999999999248;9.400000000001074e-05;17;3
678.cnf;SAT;0.00015600000000001724;0.00039100000000000246;119;16
491.cnf;SAT;0.00015000000000001124;0.0003019999999999967;91;10
485.cnf;SAT;0.000132000000000021;0.0004599999999999882;127;23
334.cnf;SAT;0.00016199999999999548;0.00012699999999998823;24;5
452.cnf;SAT;0.00016599999999999948;0.00017700000000001048;44;6
446.cnf;SAT;0.0003070000000000017;0.0004519999999999802;132;13
320.cnf;SAT;0.00015999999999999348;0.00012799999999998923;25;9
308.cnf;SAT;0.00014399999999997748;0.0005920000000000092;169;21
309.cnf;SAT;0.00013499999999999623;0.00017899999999998473;44;11
447.cnf;SAT;0.00013799999999999923;0.00013099999999999223;33;5
321.cnf;SAT;0.00014300000000000423;0.00018299999999998873;40;11
335.cnf;SAT;0.00017100000000000448;0.0009419999999999984;126;15
453.cnf;SAT;0.0005509999999999959;0.00037999999999999146;93;15
484.cnf;SAT;0.00019199999999999773;0.00021999999999999797;61;7
490.cnf;SAT;0.00016499999999999848;0.0003529999999999922;71;18
679.cnf;SAT;0.00014999999999998348;0.0006340000000000234;121;13
123.cnf;SAT;0.00047800000000003395;0.00045000000000000595;39;9
645.cnf;SAT;0.00018099999999998673;0.0005970000000000142;94;12
889.cnf;SAT;0.000150000000000039;0.0007829999999999782;161;19
651.cnf;SAT;0.00033199999999999896;0.0004170000000000007;127;19
137.cnf;SAT;0.00013900000000000023;0.00026799999999999047;73;18
22.cnf;SAT;0.00013999999999997348;0.00016300000000002424;35;9
862.cnf;SAT;0.00013399999999996748;0.0005809999999999982;180;25
36.cnf;SAT;0.00013299999999999423;0.00021700000000002273;58;11
876.cnf;SAT;0.00014300000000000423;0.0004430000000000267;128;17
686.cnf;SAT;0.00014399999999997748;0.0003210000000000157;85;10
692.cnf;SAT;0.0003070000000000017;0.00032199999999998896;81;17
719.cnf;SAT;0.00014699999999995272;8.00000000000245e-05;13;7
731.cnf;SAT;0.000138000000000027;0.00037200000000003897;116;16
725.cnf;SAT;0.00013099999999999223;0.0004069999999999907;122;18
916.cnf;SAT;0.000132000000000021;0.00010799999999999699;21;8
902.cnf;SAT;0.00013299999999999423;7.900000000005125e-05;16;4
269.cnf;SAT;0.00013099999999999223;0.00046400000000001995;129;14
533.cnf;SAT;0.0003250000000000197;0.00013099999999999223;30;10
255.cnf;SAT;0.000146000000000035;0.00045800000000001395;136;15
241.cnf;SAT;0.000134000000000023;0.00022899999999997922;69;11
527.cnf;SAT;0.000140000000000029;0.00012299999999998423;26;7
296.cnf;SAT;0.00013799999999997148;0.00016299999999996873;38;10
282.cnf;SAT;0.00012699999999998823;0.00011100000000002774;22;6
294.cnf;SAT;0.00014099999999994672;0.00018000000000001348;49;6
280.cnf;SAT;0.00027800000000000047;0.00014299999999994872;36;4
257.cnf;SAT;0.000136000000000025;0.0005499999999999949;148;15
531.cnf;SAT;0.00015300000000001424;0.0005970000000000142;174;26
525.cnf;SAT;0.00013299999999999423;0.0005220000000000224;152;17
243.cnf;SAT;0.000140000000000029;0.0002550000000000052;75;10
519.cnf;SAT;0.00014799999999998148;0.00012200000000001099;26;5
928.cnf;SAT;0.00015300000000001424;0.0005320000000000324;161;22
914.cnf;SAT;0.0003210000000000157;0.00020199999999997997;55;8
900.cnf;SAT;0.00014300000000000423;0.0003630000000000022;93;12
733.cnf;SAT;0.00013499999999999623;0.00014399999999997748;40;6
727.cnf;SAT;0.000132000000000021;0.00010799999999999699;24;6
684.cnf;SAT;0.000130000000000019;9.500000000001174e-05;21;6
848.cnf;SAT;0.00013099999999999223;0.00028600000000000847;74;12
690.cnf;SAT;0.000136000000000025;0.0003110000000000057;94;15
860.cnf;SAT;0.0003070000000000017;0.0001000000000000445;15;5
20.cnf;SAT;0.000146000000000035;0.00017499999999998073;44;6
874.cnf;SAT;0.00013399999999996748;0.00020100000000000673;46;11
34.cnf;SAT;0.00013799999999997148;0.00023100000000003673;65;11
647.cnf;SAT;0.00012699999999998823;7.999999999996898e-05;13;7
121.cnf;SAT;0.00013599999999996948;0.00030599999999997296;92;10
135.cnf;SAT;0.00014700000000000824;0.00027800000000000047;80;12
653.cnf;SAT;0.0002929999999999877;0.0005339999999999789;152;19
109.cnf;SAT;0.00014900000000001024;0.00031399999999998096;91;10
486.cnf;SAT;0.00014599999999997948;0.00019200000000002548;42;7
492.cnf;SAT;0.000140000000000029;0.00024200000000001998;73;11
323.cnf;SAT;0.00013499999999999623;0.00042599999999998195;120;13
445.cnf;SAT;0.00013699999999999823;0.0003070000000000017;83;12
451.cnf;SAT;0.00014599999999997948;0.0003630000000000022;110;11
337.cnf;SAT;0.00040400000000001546;8.60000000000305e-05;13;7
479.cnf;SAT;0.00017600000000000948;0.0002889999999999837;85;11
478.cnf;SAT;0.00014500000000000624;0.0002969999999999917;79;11
450.cnf;SAT;0.000140000000000029;0.00029999999999996696;88;18
336.cnf;SAT;0.000132000000000021;0.0003929999999999767;113;14
322.cnf;SAT;0.00013999999999997348;0.00013900000000000023;32;6
444.cnf;SAT;0.00016099999999996673;0.00021299999999996322;50;10
493.cnf;SAT;0.0004629999999999912;8.60000000000305e-05;14;6
487.cnf;SAT;0.00013499999999999623;0.0006109999999999727;187;22
108.cnf;SAT;0.00013699999999999823;0.000260000000000038;86;11
134.cnf;SAT;0.00013900000000000023;0.00014700000000000824;35;7
652.cnf;SAT;0.00013699999999999823;0.00023600000000001398;66;14
646.cnf;SAT;0.00014399999999997748;0.0003730000000000122;109;14
120.cnf;SAT;0.00013799999999997148;8.299999999999974e-05;11;9
35.cnf;SAT;0.0004170000000000007;0.0004369999999999652;123;15
875.cnf;SAT;0.000132000000000021;0.0002789999999999737;76;9
21.cnf;SAT;0.00013900000000000023;0.00012399999999995748;27;4
861.cnf;SAT;0.00013199999999996548;0.00017200000000000548;45;6
691.cnf;SAT;0.00013499999999999623;0.0003929999999999767;122;18
849.cnf;SAT;0.00013999999999997348;0.0005229999999999957;149;19
685.cnf;SAT;0.00016299999999996873;0.00045400000000000995;144;15
726.cnf;SAT;0.0004270000000000107;0.0003270000000000217;86;17
732.cnf;SAT;0.0003150000000000097;0.00012200000000001099;25;7
901.cnf;SAT;0.00015799999999999148;0.0004979999999999984;152;19
915.cnf;SAT;0.00013900000000000023;0.00016199999999999548;34;8
929.cnf;SAT;0.00013799999999997148;0.00027599999999999847;80;14
518.cnf;SAT;0.00013599999999996948;0.00018100000000004224;44;7
524.cnf;SAT;0.00013500000000005175;0.00034000000000000696;106;13
242.cnf;SAT;0.00046400000000001995;0.000130000000000019;33;5
256.cnf;SAT;0.00013099999999999223;0.0004190000000000027;134;19
530.cnf;SAT;0.00013900000000000023;0.00020899999999995922;48;7
281.cnf;SAT;0.00014500000000000624;8.20000000000265e-05;16;4
295.cnf;SAT;0.00013099999999999223;0.00011200000000000099;24;5
298.cnf;SAT;0.00013599999999996948;0.00012200000000001099;31;5
529.cnf;SAT;0.00013499999999999623;0.00021399999999999197;54;9
515.cnf;SAT;0.0004950000000000232;0.00021500000000002073;54;7
273.cnf;SAT;0.00016899999999997473;8.00000000000245e-05;14;6
267.cnf;SAT;0.00013499999999999623;0.0009669999999999956;273;35
501.cnf;SAT;0.00015300000000001424;0.00028800000000001047;87;11
930.cnf;SAT;0.000142000000000031;0.00044799999999994844;131;11
924.cnf;SAT;0.00013900000000000023;0.0003909999999999747;104;14
918.cnf;SAT;0.000130000000000019;0.00036199999999997345;100;15
717.cnf;SAT;0.0004390000000000227;0.00030599999999997296;85;15
703.cnf;SAT;0.00013399999999996748;0.0003470000000000417;96;15
844.cnf;SAT;0.000154000000000043;0.0003029999999999977;82;14
850.cnf;SAT;0.00013900000000000023;0.0002650000000000152;77;12
10.cnf;SAT;0.00013099999999999223;0.00039800000000000946;126;16
688.cnf;SAT;0.00013099999999999223;0.0004909999999999637;156;18
878.cnf;SAT;0.00014300000000000423;0.00030800000000003047;88;12
38.cnf;SAT;0.0004509999999999792;0.000132000000000021;27;9
139.cnf;SAT;0.00015099999999995672;0.00023600000000001398;67;9
887.cnf;SAT;0.00013199999999996548;0.0002710000000000212;74;8
893.cnf;SAT;0.000128000000000017;0.0004350000000000187;122;14
105.cnf;SAT;0.00012999999999996348;0.0006530000000000147;215;23
663.cnf;SAT;0.00012799999999996148;0.00011499999999997623;20;11
677.cnf;SAT;0.000124000000000013;0.00022100000000002673;60;9
111.cnf;SAT;0.00042599999999998195;0.00033400000000000096;66;12
449.cnf;SAT;0.00014399999999997748;0.0002710000000000212;72;11
461.cnf;SAT;0.00013499999999999623;0.00010700000000002374;22;7
307.cnf;SAT;0.000126000000000015;0.00028399999999995096;83;14
313.cnf;SAT;0.00013699999999999823;0.0002969999999999917;81;12
475.cnf;SAT;0.00013299999999999423;0.0007170000000000232;232;29
312.cnf;SAT;0.00013599999999996948;7.40000000000185e-05;16;4
474.cnf;SAT;0.0004649999999999932;9.199999999998099e-05;12;8
460.cnf;SAT;0.000148000000000037;0.0004389999999999672;120;16
306.cnf;SAT;0.00015700000000001824;0.00019400000000002748;43;5
448.cnf;SAT;0.00014900000000001024;0.00020799999999998597;53;12
676.cnf;SAT;0.00015700000000001824;0.00041999999999997595;116;18
110.cnf;SAT;0.00013699999999999823;0.00024099999999999122;61;10
104.cnf;SAT;0.00013499999999999623;0.0005749999999999922;181;23
662.cnf;SAT;0.00041600000000002746;7.899999999999574e-05;17;3
892.cnf;SAT;0.00012699999999998823;0.00010799999999999699;22;6
138.cnf;SAT;0.00012599999999995948;0.00022800000000000598;69;9
886.cnf;SAT;0.00013099999999999223;8.299999999999974e-05;15;5
39.cnf;SAT;0.000130000000000019;0.00022199999999999998;55;11
879.cnf;SAT;0.00012700000000004374;8.099999999999774e-05;16;4
689.cnf;SAT;0.00012499999999998623;0.0006200000000000094;186;22
11.cnf;SAT;0.00041599999999997195;0.00023200000000000998;61;12
851.cnf;SAT;0.00013099999999999223;8.500000000000174e-05;19;5
845.cnf;SAT;0.00013100000000004774;0.00013099999999999223;32;8
702.cnf;SAT;0.00012699999999998823;7.00000000000145e-05;14;6
716.cnf;SAT;0.00012499999999998623;0.00035199999999996345;103;15
919.cnf;SAT;0.000128000000000017;0.0003989999999999827;116;15
925.cnf;SAT;0.00012499999999998623;0.00043999999999999595;122;13
931.cnf;SAT;0.0004049999999999887;0.0006039999999999934;191;18
266.cnf;SAT;0.00012699999999998823;0.00022800000000000598;68;9
500.cnf;SAT;0.00012200000000001099;0.00010300000000001974;23;5
514.cnf;SAT;0.000126000000000015;0.00034800000000001496;110;15
272.cnf;SAT;0.00012799999999996148;0.0003750000000000142;108;14
528.cnf;SAT;0.00012500000000004174;0.00022400000000000198;58;10
299.cnf;SAT;0.00012499999999998623;0.0005010000000000292;148;18
258.cnf;SAT;0.0003909999999999747;0.0006539999999999879;201;21
502.cnf;SAT;0.000152000000000041;0.00014599999999997948;25;6
264.cnf;SAT;0.000144000000000033;0.00014500000000000624;36;4
270.cnf;SAT;0.00013799999999997148;7.699999999999374e-05;8;12
516.cnf;SAT;0.00012999999999996348;0.0003250000000000197;92;16
927.cnf;SAT;0.00012699999999998823;0.0005109999999999837;148;17
933.cnf;SAT;0.000132000000000021;0.0002690000000000192;69;11
728.cnf;SAT;0.00043399999999998995;8.500000000000174e-05;13;7
700.cnf;SAT;0.000150000000000039;0.0006430000000000047;198;25
714.cnf;SAT;0.00014500000000000624;0.00018200000000001548;49;8
853.cnf;SAT;0.00013099999999999223;0.00029400000000001647;88;11
13.cnf;SAT;0.000138000000000027;0.00020900000000001473;51;12
847.cnf;SAT;0.000134000000000023;0.0004310000000000147;125;14
648.cnf;SAT;0.00012899999999999023;0.0004170000000000007;105;19
890.cnf;SAT;0.0004170000000000007;0.00027599999999999847;82;10
884.cnf;SAT;0.00014899999999995472;0.00017000000000000348;41;6
112.cnf;SAT;0.000134000000000023;0.00016899999999997473;45;10
674.cnf;SAT;0.000132000000000021;0.0003929999999999767;113;14
660.cnf;SAT;0.00014100000000000223;0.00028600000000000847;71;10
106.cnf;SAT;0.000140000000000029;0.00024999999999997247;63;10
489.cnf;SAT;0.00014099999999994672;0.0005950000000000122;187;23
338.cnf;SAT;0.0004370000000000207;0.0004389999999999672;139;12
476.cnf;SAT;0.00013299999999999423;0.0004190000000000027;123;21
310.cnf;SAT;0.000134000000000023;0.0003630000000000022;102;13
304.cnf;SAT;0.00013499999999999623;0.00014899999999995472;32;8
462.cnf;SAT;0.00012999999999996348;0.0006369999999999987;202;22
305.cnf;SAT;0.00012899999999999023;8.099999999999774e-05;16;7
463.cnf;SAT;0.00013299999999999423;0.000138000000000027;39;5
477.cnf;SAT;0.0003770000000000162;0.0004959999999999964;139;14
311.cnf;SAT;0.00014900000000001024;0.0005140000000000144;144;16
339.cnf;SAT;0.00013900000000000023;0.000148000000000037;37;8
488.cnf;SAT;0.00014300000000000423;9.500000000001174e-05;15;8
661.cnf;SAT;0.00014100000000000223;0.00037599999999998746;111;14
107.cnf;SAT;0.000134000000000023;9.399999999998299e-05;20;7
113.cnf;SAT;0.00012499999999998623;0.00015599999999998948;43;9
675.cnf;SAT;0.00039600000000000746;0.00021699999999996722;58;12
885.cnf;SAT;0.00012899999999999023;0.00035200000000001896;101;11
891.cnf;SAT;0.00012500000000004174;0.00035199999999996345;85;17
649.cnf;SAT;0.00013599999999996948;0.00015699999999996272;37;5
846.cnf;SAT;0.00014199999999997548;0.00020400000000003748;52;12
12.cnf;SAT;0.00012699999999998823;0.0003389999999999782;96;14
852.cnf;SAT;0.00013099999999999223;0.00021499999999996522;54;12
715.cnf;SAT;0.0003970000000000362;0.00019099999999999673;51;12
701.cnf;SAT;0.00013299999999999423;0.00024599999999996847;62;10
729.cnf;SAT;0.000136000000000025;0.000126000000000015;28;7
932.cnf;SAT;0.00014700000000000824;0.0003509999999999902;101;13
926.cnf;SAT;0.00013599999999996948;9.399999999998299e-05;22;6
271.cnf;SAT;0.00012999999999996348;0.0007800000000000029;237;28
517.cnf;SAT;0.000130000000000019;0.0003790000000000182;111;16
503.cnf;SAT;0.00037999999999999146;0.00046999999999997044;140;17
265.cnf;SAT;0.00014199999999997548;0.00011499999999997623;29;4
259.cnf;SAT;0.000130000000000019;0.00010299999999996423;21;5
261.cnf;SAT;0.00014799999999998148;0.0003489999999999882;108;13
507.cnf;SAT;0.000148000000000037;7.699999999999374e-05;17;3
513.cnf;SAT;0.00013999999999997348;0.00027399999999999647;79;9
275.cnf;SAT;0.00012899999999999023;0.00012899999999999023;30;6
249.cnf;SAT;0.00040800000000001946;0.00046399999999996444;156;18
922.cnf;SAT;0.00012999999999996348;0.0006369999999999987;187;23
936.cnf;SAT;0.000138000000000027;0.0002610000000000112;73;11
705.cnf;SAT;0.000136000000000025;7.599999999996498e-05;17;3
711.cnf;SAT;0.00013700000000005375;0.0003449999999999842;87;13
739.cnf;SAT;0.00013499999999999623;0.0004750000000000032;141;17
856.cnf;SAT;0.000126000000000015;0.00011699999999997823;16;4
16.cnf;SAT;0.0007890000000000397;0.00022999999999995246;53;9
842.cnf;SAT;0.000142000000000031;0.0004309999999999592;128;17
671.cnf;SAT;0.000132000000000021;8.20000000000265e-05;15;5
117.cnf;SAT;0.00014100000000000223;0.00023099999999998122;63;10
103.cnf;SAT;0.00011899999999998023;0.0005310000000000037;190;23
665.cnf;SAT;0.00012999999999996348;0.0005380000000000384;155;20
895.cnf;SAT;0.000136000000000025;0.000162000000000051;46;7
659.cnf;SAT;0.0002850000000000352;0.0003049999999999997;83;11
881.cnf;SAT;0.000132000000000021;0.00039400000000000546;103;14
498.cnf;SAT;0.000134000000000023;0.00010100000000001774;21;5
315.cnf;SAT;0.000140000000000029;0.0002850000000000352;79;10
473.cnf;SAT;0.000130000000000019;0.00020999999999998797;64;6
467.cnf;SAT;0.00011899999999998023;0.00045000000000000595;139;18
301.cnf;SAT;0.00011899999999998023;0.00025199999999997447;68;9
329.cnf;SAT;0.0008569999999999967;7.500000000004725e-05;11;9
328.cnf;SAT;0.00011800000000000699;0.00011400000000000299;34;5
466.cnf;SAT;0.00011599999999994948;9.700000000001374e-05;24;6
300.cnf;SAT;0.00011499999999997623;0.0005230000000000512;161;18
314.cnf;SAT;0.00011800000000000699;0.00020399999999998197;59;14
472.cnf;SAT;0.00011800000000000699;7.799999999996698e-05;18;5
499.cnf;SAT;0.00012100000000003774;0.00019799999999997597;49;10
880.cnf;SAT;0.00039000000000000146;0.0005809999999999982;177;23
658.cnf;SAT;0.00012499999999998623;0.00010300000000001974;24;5
894.cnf;SAT;0.00012499999999998623;0.0004770000000000052;131;18
102.cnf;SAT;0.000126000000000015;9.999999999998899e-05;25;5
664.cnf;SAT;0.00012899999999999023;0.000126000000000015;22;7
670.cnf;SAT;0.00012699999999998823;0.00010599999999999499;22;5
116.cnf;SAT;0.000124000000000013;0.00040599999999996195;138;16
843.cnf;SAT;0.0002689999999999637;0.000246000000000024;71;12
17.cnf;SAT;0.00011800000000000699;0.00019799999999997597;60;7
857.cnf;SAT;0.000128000000000017;0.00025599999999997847;76;11
738.cnf;SAT;0.00011800000000000699;0.00024399999999996647;78;10
710.cnf;SAT;0.00011500000000003174;0.00010900000000002574;29;6
704.cnf;SAT;0.000128000000000017;0.000132000000000021;28;10
937.cnf;SAT;0.00011699999999997823;7.40000000000185e-05;14;6
923.cnf;SAT;0.00026199999999998447;0.0004549999999999832;174;20
248.cnf;SAT;0.00011600000000000499;0.0002989999999999937;97;14
512.cnf;SAT;0.00011400000000000299;0.00039400000000000546;127;20
274.cnf;SAT;0.00012099999999998223;0.0003950000000000342;130;16
260.cnf;SAT;0.00011600000000000499;0.00017000000000000348;47;9
506.cnf;SAT;0.00011300000000002974;0.00015299999999995872;40;14
289.cnf;SAT;0.00011500000000003174;6.999999999995898e-05;17;3
276.cnf;SAT;0.00024299999999999322;0.00022700000000003273;72;14
510.cnf;SAT;0.00011699999999997823;0.0003730000000000122;127;17
504.cnf;SAT;0.00011600000000000499;0.00039800000000000946;124;15
262.cnf;SAT;0.000124000000000013;0.0002709999999999657;75;13
538.cnf;SAT;0.00012100000000003774;0.0003949999999999787;118;19
909.cnf;SAT;0.00011500000000003174;0.00010899999999997023;31;5
935.cnf;SAT;0.00011400000000000299;0.0002510000000000012;74;11
921.cnf;SAT;0.0002449999999999952;0.00038199999999999346;124;14
712.cnf;SAT;0.00012499999999998623;0.00036600000000003297;113;15
706.cnf;SAT;0.00011500000000003174;0.00010799999999999699;22;8
869.cnf;SAT;0.000130000000000019;0.00012000000000000899;28;5
29.cnf;SAT;0.00011600000000000499;7.20000000000165e-05;10;10
841.cnf;SAT;0.00011499999999997623;0.00024300000000004873;75;11
699.cnf;SAT;0.00011099999999997223;0.00014799999999998148;39;8
855.cnf;SAT;0.00025599999999997847;0.0004370000000000207;121;15
15.cnf;SAT;0.00011700000000003374;7.60000000000205e-05;11;9
666.cnf;SAT;0.00011499999999997623;0.00030800000000003047;98;14
100.cnf;SAT;0.00011400000000000299;0.0002650000000000152;76;13
114.cnf;SAT;0.000124000000000013;0.00024399999999996647;83;10
672.cnf;SAT;0.00012799999999996148;0.0004550000000000387;135;19
882.cnf;SAT;0.00012699999999998823;0.00025999999999998247;75;14
128.cnf;SAT;0.0002530000000000032;0.00015899999999996473;38;13
896.cnf;SAT;0.00011400000000000299;0.00039400000000000546;116;15
302.cnf;SAT;0.00011499999999997623;6.700000000003925e-05;15;5
464.cnf;SAT;0.00012999999999996348;0.00019600000000002948;44;10
470.cnf;SAT;0.000128000000000017;9.900000000001574e-05;20;6
316.cnf;SAT;0.00011899999999998023;0.0004649999999999932;148;20
458.cnf;SAT;0.00011499999999997623;0.00011100000000002774;27;7
459.cnf;SAT;0.00025799999999998047;0.00034000000000000696;106;13
471.cnf;SAT;0.00011600000000000499;9.199999999998099e-05;16;9
317.cnf;SAT;0.00011400000000000299;0.00018200000000001548;48;11
303.cnf;SAT;0.000132000000000021;0.00014300000000000423;34;6
465.cnf;SAT;0.00013499999999999623;0.00015500000000001624;37;6
129.cnf;SAT;0.00012000000000000899;0.0002550000000000052;72;15
897.cnf;SAT;0.000130000000000019;0.00016199999999999548;42;6
883.cnf;SAT;0.00029000000000001247;0.00011300000000002974;31;8
115.cnf;SAT;0.000136000000000025;0.0003770000000000162;108;15
673.cnf;SAT;0.000130000000000019;0.00014899999999995472;42;6
667.cnf;SAT;0.000136000000000025;0.00028999999999995696;80;12
101.cnf;SAT;0.00012899999999999023;0.00043599999999999195;127;13
14.cnf;SAT;0.00011600000000000499;0.00021799999999999597;60;9
854.cnf;SAT;0.00011800000000000699;8.700000000000374e-05;12;10
698.cnf;SAT;0.00023600000000001398;0.00013699999999999823;36;9
840.cnf;SAT;0.00011300000000002974;0.00030799999999997496;104;13
28.cnf;SAT;0.00011499999999997623;0.00016500000000002624;45;9
868.cnf;SAT;0.00012599999999995948;0.0003449999999999842;111;14
707.cnf;SAT;0.00011499999999997623;8.900000000000574e-05;23;3
713.cnf;SAT;0.00011400000000000299;6.999999999995898e-05;16;4
920.cnf;SAT;0.00011400000000000299;0.00029600000000001847;88;16
934.cnf;SAT;0.00023899999999998922;0.00012699999999998823;39;7
908.cnf;SAT;0.00012000000000000899;0.00018599999999996397;52;13
539.cnf;SAT;0.00012499999999998623;0.000130000000000019;34;7
505.cnf;SAT;0.00011499999999997623;0.00020500000000001073;61;7
263.cnf;SAT;0.00011300000000002974;0.0004689999999999972;154;23
277.cnf;SAT;0.00011300000000002974;0.00042399999999997995;137;19
511.cnf;SAT;0.00011700000000003374;0.00024599999999996847;74;11
288.cnf;SAT;0.00023899999999998922;0.00010099999999996223;21;11
589.cnf;SAT;0.000126000000000015;0.00014300000000000423;30;12
238.cnf;SAT;0.00013299999999999423;0.0003190000000000137;86;11
210.cnf;SAT;0.000128000000000017;0.0003509999999999902;98;13
576.cnf;SAT;0.00012999999999996348;0.00024200000000001998;73;13
562.cnf;SAT;0.00012899999999999023;7.60000000000205e-05;10;10
204.cnf;SAT;0.00013599999999996948;0.0004549999999999832;128;19
953.cnf;SAT;0.00029200000000001447;0.00013499999999999623;31;8
947.cnf;SAT;0.00013299999999999423;0.000156000000000045;36;9
990.cnf;SAT;0.00013099999999999223;0.00016699999999997273;39;10
748.cnf;SAT;0.00015900000000002024;0.00021200000000004549;46;9
984.cnf;SAT;0.00013799999999997148;0.0003110000000000057;84;10
774.cnf;SAT;0.000134000000000023;0.00018899999999999473;49;7
760.cnf;SAT;0.000130000000000019;0.00036999999999998145;115;14
827.cnf;SAT;0.0002830000000000332;0.00028800000000001047;85;13
67.cnf;SAT;0.00014399999999997748;0.0005580000000000029;163;22
199.cnf;SAT;0.000130000000000019;0.0004770000000000052;149;16
833.cnf;SAT;0.00015100000000001224;0.00032999999999999696;100;10
73.cnf;SAT;0.00015699999999996272;0.00021799999999999597;58;9
9.cnf;SAT;0.00014100000000000223;0.0004210000000000047;107;16
628.cnf;SAT;0.00013699999999999823;7.999999999996898e-05;14;6
98.cnf;SAT;0.0002889999999999837;0.00034000000000000696;91;14
600.cnf;SAT;0.00013099999999999223;0.0002550000000000052;69;10
166.cnf;SAT;0.00012699999999998823;0.00021100000000001673;53;7
172.cnf;SAT;0.00013399999999996748;0.00027599999999999847;74;13
614.cnf;SAT;0.00013499999999999623;0.00022499999999997522;54;10
358.cnf;SAT;0.00013099999999999223;0.00013099999999999223;32;8
364.cnf;SAT;0.00013099999999999223;0.00018400000000001748;52;11
402.cnf;SAT;0.0002810000000000312;8.299999999999974e-05;15;5
416.cnf;SAT;0.000130000000000019;0.00011899999999998023;21;10
370.cnf;SAT;0.000128000000000017;0.00010599999999999499;23;7
417.cnf;SAT;0.00012599999999995948;0.00041400000000002546;124;19
371.cnf;SAT;0.000128000000000017;7.899999999999574e-05;15;5
365.cnf;SAT;0.00012999999999996348;0.00013499999999999623;36;6
403.cnf;SAT;0.00014100000000000223;9.00000000000345e-05;18;2
359.cnf;SAT;0.0003650000000000042;0.0005030000000000312;147;18
173.cnf;SAT;0.00015100000000001224;0.00025399999999997647;57;8
615.cnf;SAT;0.000142000000000031;0.0002610000000000112;64;11
601.cnf;SAT;0.00013299999999999423;0.00027399999999999647;75;12
99.cnf;SAT;0.00013499999999999623;0.0002809999999999757;90;13
167.cnf;SAT;0.00014199999999997548;0.00032799999999999496;91;14
629.cnf;SAT;0.00014699999999995272;0.000496000000000052;141;20
8.cnf;SAT;0.00029599999999996296;0.0005050000000000332;161;19
72.cnf;SAT;0.00013799999999997148;0.00014300000000000423;26;9
832.cnf;SAT;0.00015300000000001424;0.00023899999999998922;58;10
66.cnf;SAT;0.000138000000000027;0.00019000000000002348;46;9
826.cnf;SAT;0.00013099999999999223;0.0003090000000000037;96;11
198.cnf;SAT;0.000130000000000019;0.00015100000000001224;40;7
761.cnf;SAT;0.000132000000000021;0.00010700000000002374;23;6
775.cnf;SAT;0.00028000000000000247;0.00011600000000000499;20;11
985.cnf;SAT;0.000128000000000017;0.00013799999999997148;23;5
749.cnf;SAT;0.00015399999999998748;0.00016299999999996873;33;8
991.cnf;SAT;0.00017699999999998273;0.0002670000000000172;60;14
946.cnf;SAT;0.00017699999999998273;0.00023099999999998122;59;7
952.cnf;SAT;0.00015100000000001224;0.0004609999999999892;143;15
563.cnf;SAT;0.00015299999999995872;8.40000000000285e-05;14;6
205.cnf;SAT;0.00031400000000003647;9.499999999995623e-05;20;7
211.cnf;SAT;0.000144000000000033;0.000138000000000027;32;10
577.cnf;SAT;0.00014500000000000624;0.0003450000000000397;103;12
239.cnf;SAT;0.00013399999999996748;0.0004510000000000347;125;14
588.cnf;SAT;0.00015799999999999148;0.0002570000000000072;69;11
549.cnf;SAT;0.000152000000000041;0.000126000000000015;33;5
207.cnf;SAT;0.00014100000000000223;0.00015900000000002024;42;5
561.cnf;SAT;0.00029000000000001247;0.0005929999999999547;156;19
575.cnf;SAT;0.00013999999999997348;0.0004899999999999904;153;17
213.cnf;SAT;0.00014399999999997748;0.00046600000000002195;137;18
944.cnf;SAT;0.00012899999999999023;0.00015199999999998548;42;7
788.cnf;SAT;0.00012499999999998623;0.0006079999999999974;191;20
950.cnf;SAT;0.00016899999999997473;0.00037399999999998546;104;13
978.cnf;SAT;0.00014300000000000423;0.00016599999999999948;40;5
987.cnf;SAT;0.0003130000000000077;0.00015399999999998748;33;9
993.cnf;SAT;0.00016100000000002224;9.199999999998099e-05;19;5
763.cnf;SAT;0.00014999999999998348;0.0003240000000000465;92;19
777.cnf;SAT;0.00011899999999998023;8.099999999999774e-05;18;6
830.cnf;SAT;0.00011700000000003374;6.80000000000125e-05;15;5
70.cnf;SAT;0.00012300000000003974;0.00018699999999999273;58;9
824.cnf;SAT;0.00011900000000003574;0.0002789999999999737;75;14
64.cnf;SAT;0.000266000000000044;0.00017499999999998073;47;10
818.cnf;SAT;0.000126000000000015;0.0002730000000000232;73;15
58.cnf;SAT;0.00011600000000000499;6.20000000000065e-05;15;5
159.cnf;SAT;0.00011600000000000499;0.0003310000000000257;89;14
617.cnf;SAT;0.00012799999999996148;0.00037199999999998346;109;16
171.cnf;SAT;0.00012899999999999023;0.00010799999999999699;22;7
165.cnf;SAT;0.00012899999999999023;0.0003690000000000082;118;16
603.cnf;SAT;0.00024599999999996847;0.00014300000000000423;39;5
398.cnf;SAT;0.00011400000000000299;0.0006419999999999759;231;27
429.cnf;SAT;0.00011400000000000299;0.00020099999999995122;63;8
373.cnf;SAT;0.00012299999999998423;0.00013499999999999623;25;9
415.cnf;SAT;0.000134000000000023;0.00034800000000001496;99;17
401.cnf;SAT;0.000124000000000013;0.00013199999999996548;29;7
367.cnf;SAT;0.000134000000000023;0.00016800000000000148;41;12
400.cnf;SAT;0.0002589999999999537;7.40000000000185e-05;14;6
366.cnf;SAT;0.000124000000000013;0.00016199999999999548;41;8
372.cnf;SAT;0.00011999999999995348;9.00000000000345e-05;15;5
414.cnf;SAT;0.00013199999999996548;0.000130000000000019;28;9
428.cnf;SAT;0.00011600000000000499;0.00020100000000000673;62;12
399.cnf;SAT;0.000132000000000021;0.00029600000000001847;85;13
164.cnf;SAT;0.000130000000000019;9.599999999998499e-05;22;7
602.cnf;SAT;0.0002770000000000272;0.00015300000000001424;38;9
616.cnf;SAT;0.00011600000000000499;0.00015900000000002024;38;10
170.cnf;SAT;0.00012499999999998623;0.0002770000000000272;76;11
158.cnf;SAT;0.00012000000000000899;0.00046399999999996444;148;20
59.cnf;SAT;0.00012499999999998623;8.500000000000174e-05;16;4
819.cnf;SAT;0.00012499999999998623;0.0003429999999999822;109;13
65.cnf;SAT;0.00011999999999995348;0.00032999999999999696;102;16
825.cnf;SAT;0.00032999999999999696;0.000142000000000031;29;12
71.cnf;SAT;0.00014900000000001024;0.00015900000000002024;35;12
831.cnf;SAT;0.00013699999999999823;8.599999999997499e-05;15;5
776.cnf;SAT;0.000132000000000021;0.00012499999999998623;26;6
762.cnf;SAT;0.00012499999999998623;0.0005510000000000237;185;21
992.cnf;SAT;0.00012500000000004174;0.00024599999999996847;84;15
986.cnf;SAT;0.00011600000000000499;0.00041600000000002746;124;20
979.cnf;SAT;0.0004529999999999812;0.00021700000000002273;60;7
951.cnf;SAT;0.00012799999999996148;7.499999999999174e-05;15;5
789.cnf;SAT;0.00013499999999999623;0.0004490000000000327;125;22
945.cnf;SAT;0.000150000000000039;0.00035199999999996345;92;10
574.cnf;SAT;0.000140000000000029;0.00030399999999997096;91;13
212.cnf;SAT;0.00014500000000000624;0.0006609999999999672;224;23
206.cnf;SAT;0.00013299999999999423;8.500000000000174e-05;16;4
560.cnf;SAT;0.0004509999999999792;0.00041799999999997395;117;18
548.cnf;SAT;0.00014599999999997948;0.0003049999999999997;87;11
564.cnf;SAT;0.00014300000000000423;0.0002670000000000172;70;10
202.cnf;SAT;0.000140000000000029;0.00019900000000000473;56;6
216.cnf;SAT;0.000134000000000023;0.0002449999999999952;64;12
570.cnf;SAT;0.00013300000000004975;0.00014100000000000223;36;6
558.cnf;SAT;0.00014999999999998348;0.00014899999999995472;41;4
969.cnf;SAT;0.00048799999999998844;0.00017500000000003624;42;4
799.cnf;SAT;0.00013700000000005375;0.00019900000000000473;45;6
941.cnf;SAT;0.000138000000000027;0.00015099999999995672;34;11
955.cnf;SAT;0.000134000000000023;0.00016399999999999748;38;9
766.cnf;SAT;0.00022999999999995246;0.00012900000000004574;25;6
772.cnf;SAT;0.00015100000000001224;0.00019299999999999873;52;6
982.cnf;SAT;0.00012899999999999023;0.000250000000000028;65;13
996.cnf;SAT;0.00040200000000001346;0.0003390000000000337;115;13
809.cnf;SAT;0.00012700000000004374;0.00015699999999996272;45;7
49.cnf;SAT;0.000126000000000015;0.00011600000000000499;28;9
835.cnf;SAT;0.00013799999999997148;0.00022400000000000198;50;9
75.cnf;SAT;0.00015100000000001224;8.700000000000374e-05;15;5
821.cnf;SAT;0.00014500000000000624;0.00011299999999997423;24;7
61.cnf;SAT;0.00012299999999998423;0.00013499999999999623;41;11
174.cnf;SAT;0.0004410000000000247;0.00020100000000000673;59;9
612.cnf;SAT;0.00011599999999994948;0.00036000000000002697;119;17
606.cnf;SAT;0.00011299999999997423;0.00010899999999997023;25;8
160.cnf;SAT;0.000126000000000015;0.00014300000000000423;27;10
148.cnf;SAT;0.000130000000000019;0.0004089999999999927;117;13
389.cnf;SAT;0.00012999999999996348;0.0003790000000000182;114;14
410.cnf;SAT;0.00012499999999998623;0.00029800000000002047;86;13
376.cnf;SAT;0.00039200000000000346;0.00014399999999997748;38;6
362.cnf;SAT;0.00011600000000000499;0.0002849999999999797;84;11
404.cnf;SAT;0.00011400000000000299;0.00025199999999997447;80;9
438.cnf;SAT;0.00013100000000004774;0.00030799999999997496;89;10
439.cnf;SAT;0.00012500000000004174;0.00010599999999999499;29;7
363.cnf;SAT;0.000130000000000019;0.00033400000000000096;92;10
405.cnf;SAT;0.00012700000000004374;0.00010799999999999699;28;6
411.cnf;SAT;0.0004290000000000127;0.00040599999999996195;122;20
377.cnf;SAT;0.00012899999999999023;0.0002829999999999777;95;11
388.cnf;SAT;0.00011499999999997623;0.00022899999999997922;76;14
149.cnf;SAT;0.000126000000000015;0.000130000000000019;38;5
607.cnf;SAT;0.00012699999999998823;0.00017200000000000548;53;7
161.cnf;SAT;0.00011200000000000099;0.0004009999999999847;110;15
175.cnf;SAT;0.00013599999999996948;0.00019799999999997597;57;8
613.cnf;SAT;0.0004190000000000027;0.00040599999999996195;97;11
60.cnf;SAT;0.00015500000000001624;0.00022100000000002673;71;8
820.cnf;SAT;0.00016300000000002424;0.0004669999999999952;139;17
74.cnf;SAT;0.000146000000000035;7.899999999999574e-05;13;7
834.cnf;SAT;0.00013900000000000023;0.00018300000000004424;49;11
48.cnf;SAT;0.00014900000000001024;0.00040000000000001146;104;20
808.cnf;SAT;0.00016100000000002224;9.00000000000345e-05;19;4
997.cnf;SAT;0.0004470000000000307;0.00035000000000001696;97;13
983.cnf;SAT;0.00014199999999997548;0.00032200000000004447;101;14
773.cnf;SAT;0.00014100000000000223;0.0005160000000000164;143;24
767.cnf;SAT;0.00013099999999999223;0.0002469999999999972;68;13
954.cnf;SAT;0.00013699999999999823;0.00043600000000004746;144;14
940.cnf;SAT;0.00016599999999999948;0.0004430000000000267;128;14
798.cnf;SAT;0.000138000000000027;0.00018699999999999273;50;8
968.cnf;SAT;0.00039800000000000946;0.00016399999999999748;42;9
559.cnf;SAT;0.00014100000000000223;0.00040600000000001746;112;16
217.cnf;SAT;0.00012699999999998823;0.00021700000000002273;62;8
571.cnf;SAT;0.00013099999999999223;0.0005100000000000104;154;19
565.cnf;SAT;0.000126000000000015;0.0004109999999999947;133;13
203.cnf;SAT;0.00012900000000004574;9.999999999998899e-05;15;12
598.cnf;SAT;0.00015500000000001624;0.00031799999999998496;92;12
573.cnf;SAT;0.0005310000000000037;7.899999999999574e-05;17;3
215.cnf;SAT;0.00014100000000000223;0.0002469999999999972;68;13
201.cnf;SAT;0.00013099999999999223;0.00017500000000003624;46;11
567.cnf;SAT;0.000128000000000017;0.00013299999999999423;32;6
229.cnf;SAT;0.00012899999999999023;0.00015699999999996272;40;6
956.cnf;SAT;0.00013099999999999223;0.0003530000000000477;98;11
942.cnf;SAT;0.000140000000000029;0.0003150000000000097;88;13
771.cnf;SAT;0.0004350000000000187;0.0005189999999999917;166;17
765.cnf;SAT;0.00013799999999997148;0.00027199999999999447;73;14
995.cnf;SAT;0.00013100000000004774;0.0005219999999999669;159;23
981.cnf;SAT;0.00013699999999999823;0.0002710000000000212;73;11
759.cnf;SAT;0.000130000000000019;0.00020499999999995522;61;7
822.cnf;SAT;0.00012899999999999023;0.00041800000000002946;116;13
62.cnf;SAT;0.00013299999999999423;0.00018399999999996197;53;7
836.cnf;SAT;0.00043999999999999595;0.0006289999999999907;190;25
76.cnf;SAT;0.000148000000000037;0.0004769999999999497;134;15
188.cnf;SAT;0.000130000000000019;8.80000000000325e-05;15;12
163.cnf;SAT;0.00011800000000000699;0.00023000000000000798;72;9
605.cnf;SAT;0.00011800000000000699;0.000130000000000019;35;7
611.cnf;SAT;0.00011600000000000499;0.00022199999999999998;58;13
89.cnf;SAT;0.00011400000000000299;0.00034000000000000696;113;18
177.cnf;SAT;0.0003569999999999962;8.900000000000574e-05;23;5
639.cnf;SAT;0.00011100000000002774;0.0004390000000000227;160;21
407.cnf;SAT;0.00011400000000000299;0.00019400000000002748;62;8
361.cnf;SAT;0.00012499999999998623;0.00040600000000001746;130;19
375.cnf;SAT;0.00012000000000000899;0.00027599999999999847;74;13
413.cnf;SAT;0.00013399999999996748;0.0002830000000000332;81;13
349.cnf;SAT;0.000128000000000017;0.00011800000000000699;26;9
348.cnf;SAT;0.0003989999999999827;0.00014500000000000624;35;10
374.cnf;SAT;0.000128000000000017;0.00021699999999996722;64;7
412.cnf;SAT;0.000124000000000013;0.00045400000000000995;147;25
406.cnf;SAT;0.00011200000000000099;0.00013999999999997348;44;5
360.cnf;SAT;0.00011400000000000299;9.00000000000345e-05;18;8
638.cnf;SAT;0.00011400000000000299;0.0003049999999999997;82;14
88.cnf;SAT;0.00011099999999997223;0.00038399999999999546;118;16
610.cnf;SAT;0.0004449999999999732;0.00014700000000000824;37;7
176.cnf;SAT;0.00012299999999998423;0.00018900000000005024;49;13
162.cnf;SAT;0.000126000000000015;0.0004950000000000232;168;21
604.cnf;SAT;0.00011599999999994948;0.00043999999999999595;126;24
77.cnf;SAT;0.00011800000000000699;0.00012200000000001099;29;7
837.cnf;SAT;0.00011600000000000499;9.399999999998299e-05;20;8
189.cnf;SAT;0.00011600000000000499;0.0002949999999999897;96;15
63.cnf;SAT;0.0004369999999999652;8.00000000000245e-05;14;8
823.cnf;SAT;0.00012000000000000899;0.0004309999999999592;130;16
758.cnf;SAT;0.00012699999999998823;0.0003630000000000022;118;18
980.cnf;SAT;0.00011400000000000299;0.0002869999999999817;90;12
994.cnf;SAT;0.00012200000000001099;0.00036399999999997545;114;12
764.cnf;SAT;0.00011499999999997623;0.00014300000000000423;42;10
770.cnf;SAT;0.00011500000000003174;0.00010199999999999099;22;6
943.cnf;SAT;0.00038799999999999946;0.0003089999999999482;105;14
957.cnf;SAT;0.00011400000000000299;0.000260000000000038;80;9
228.cnf;SAT;0.00011600000000000499;0.000128000000000017;35;6
200.cnf;SAT;0.000130000000000019;0.00010799999999999699;16;11
566.cnf;SAT;0.00012299999999998423;0.00019199999999996997;46;10
572.cnf;SAT;0.000126000000000015;0.00042999999999998595;130;15
214.cnf;SAT;0.00011400000000000299;0.00012000000000000899;31;9
599.cnf;SAT;0.00036399999999997545;0.00029200000000001447;104;13
